<?xml version="1.0" encoding="UTF-8" standalone="yes"?>
<addon id="repository.tukan2" name="Tukan2" version="0.0.2" provider-name="Kbestro">
    <extension point="xbmc.addon.repository" name="Tukan2">
        <dir>
            <info compressed="false">https://raw.githubusercontent.com/Kbestro/tukan2/master/repo/zips/addons.xml</info>
            <checksum>https://raw.githubusercontent.com/Kbestro/tukan2/master/repo/zips/addons.xml.md5</checksum>
            <datadir zip="true">https://raw.githubusercontent.com/Kbestro/tukan2/master/repo/zips/</datadir>
        </dir>
    </extension>
    <extension point="xbmc.addon.metadata">
        <summary>Tukan2</summary>
        <description>DESCRIPTION OF YOUR REPO HERE</description>
        <disclaimer></disclaimer>
        <platform>all</platform>
        <assets>
            <icon>icon.png</icon>
            <fanart>fanart.jpg</fanart>
        </assets>
    </extension>
</addon>